timestamp,pending_jobs
2020-02-07 08:02:15,0
2020-02-07 08:10:10,0
2020-02-07 08:20:10,0
2020-02-07 08:30:12,0
2020-02-07 08:40:11,1
2020-02-07 08:50:11,1
2020-02-07 09:00:11,3
2020-02-07 09:10:10,3
2020-02-07 09:20:10,3
2020-02-07 09:30:11,3
2020-02-07 09:40:09,3
2020-02-07 09:50:10,3
2020-02-07 10:00:10,1
2020-02-07 10:10:10,3
2020-02-07 10:20:10,3
2020-02-07 10:30:09,3
2020-02-07 10:40:10,3
2020-02-07 10:50:09,4
2020-02-07 11:00:10,3
2020-02-07 11:10:10,4
2020-02-07 11:20:10,2
2020-02-07 11:30:10,1
2020-02-07 11:40:09,6
2020-02-07 11:50:10,2
2020-02-07 12:00:10,2
2020-02-07 12:10:10,1
2020-02-07 12:20:09,1
2020-02-07 12:30:09,2
2020-02-07 12:40:10,2
2020-02-07 12:50:10,1
2020-02-07 13:00:11,2
2020-02-07 13:10:09,1
2020-02-07 13:20:10,2
2020-02-07 13:30:10,1
2020-02-07 13:40:10,2
2020-02-07 13:50:10,1
2020-02-07 14:00:10,2
2020-02-07 14:10:09,1
2020-02-07 14:20:10,2
2020-02-07 14:30:10,2
2020-02-07 14:40:10,5
2020-02-07 14:50:10,3
2020-02-07 15:00:10,2
2020-02-07 15:10:09,1
2020-02-07 15:20:10,2
2020-02-07 15:30:11,2
2020-02-07 15:40:10,1
2020-02-07 15:50:10,1
2020-02-07 16:00:09,2
2020-02-07 16:10:10,2
2020-02-07 16:20:10,1
2020-02-07 16:30:11,3
2020-02-07 16:40:10,3
2020-02-07 16:50:09,5
2020-02-07 17:00:10,3
2020-02-07 17:10:10,5
2020-02-07 17:20:10,5
2020-02-07 17:30:10,2
2020-02-07 17:40:09,3
2020-02-07 17:50:13,3
2020-02-07 18:00:13,4
2020-02-07 18:10:13,6
2020-02-07 18:20:13,4
2020-02-07 18:30:13,4
2020-02-07 18:40:12,3
2020-02-07 18:50:13,3
2020-02-07 19:00:12,3
2020-02-07 19:10:12,3
2020-02-07 19:20:12,3
2020-02-07 19:30:12,4
2020-02-07 19:40:11,4
2020-02-07 19:50:12,5
2020-02-07 20:00:13,4
2020-02-07 20:10:12,3
2020-02-07 20:20:12,4
2020-02-07 20:30:13,4
2020-02-07 20:40:13,4
2020-02-07 20:50:13,3
2020-02-07 21:00:13,3
2020-02-07 21:10:11,4
2020-02-07 21:20:12,3
2020-02-07 21:30:13,3
2020-02-07 21:40:12,4
2020-02-07 21:50:12,3
2020-02-07 22:00:13,3
2020-02-07 22:10:12,2
2020-02-07 22:20:12,4
2020-02-07 22:30:14,4
2020-02-07 22:40:13,4
2020-02-07 22:50:13,4
2020-02-07 23:00:13,3
2020-02-07 23:10:12,3
2020-02-07 23:20:13,3
2020-02-07 23:30:12,3
2020-02-07 23:40:11,3
2020-02-07 23:50:12,3
2020-02-08 00:00:14,4
2020-02-08 00:10:13,3
2020-02-08 00:20:16,3
2020-02-08 00:40:16,3
2020-02-08 00:50:15,3
2020-02-08 01:00:16,4
2020-02-08 01:10:15,1
2020-02-08 01:20:15,2
2020-02-08 01:30:16,2
2020-02-08 01:40:16,2
2020-02-08 01:50:15,1
2020-02-08 02:00:16,2
2020-02-08 02:10:16,2
2020-02-08 02:20:16,2
2020-02-08 02:30:16,1
2020-02-08 02:50:15,1
2020-02-08 03:00:16,1
2020-02-08 03:11:57,1
2020-02-08 03:20:16,2
2020-02-08 03:30:16,2
2020-02-08 03:40:15,2
2020-02-08 03:50:16,2
2020-02-08 04:00:15,2
2020-02-08 04:10:15,2
2020-02-08 04:20:16,2
2020-02-08 04:30:16,2
2020-02-08 04:40:18,2
2020-02-08 04:50:16,1
2020-02-08 05:10:16,0
2020-02-08 05:30:16,0
2020-02-08 05:40:15,1
2020-02-08 05:50:15,1
2020-02-08 06:00:18,1
2020-02-08 06:10:16,1
2020-02-08 06:20:15,1
2020-02-08 06:30:17,0
2020-02-08 06:40:17,1
2020-02-08 06:50:16,0
2020-02-08 07:00:16,1
2020-02-08 07:10:15,1
2020-02-08 07:20:16,1
2020-02-08 07:30:17,1
2020-02-08 07:40:15,0
2020-02-08 07:50:16,1
2020-02-08 08:00:16,1
2020-02-08 08:10:16,0
2020-02-08 08:20:15,1
2020-02-08 08:30:17,1
2020-02-08 08:40:16,1
2020-02-08 08:50:16,1
2020-02-08 09:00:16,2
2020-02-08 09:10:16,1
2020-02-08 09:20:15,1
2020-02-08 09:30:16,1
2020-02-08 09:40:16,2
2020-02-08 09:50:15,2
2020-02-08 10:00:16,2
2020-02-08 10:10:17,1
2020-02-08 10:20:15,1
2020-02-08 10:30:16,1
2020-02-08 10:40:15,0
2020-02-08 10:50:16,2
2020-02-08 11:00:16,2
2020-02-08 11:10:15,2
2020-02-08 11:20:15,2
2020-02-08 11:30:16,1
2020-02-08 11:40:16,3
2020-02-08 11:50:16,2
2020-02-08 12:00:15,3
2020-02-08 12:10:15,2
2020-02-08 12:20:15,2
2020-02-08 12:30:16,2
2020-02-08 12:40:15,3
2020-02-08 12:50:15,3
2020-02-08 13:00:15,3
2020-02-08 13:10:16,2
2020-02-08 13:20:15,2
2020-02-08 13:30:17,3
2020-02-08 13:40:15,3
2020-02-08 13:50:15,1
2020-02-08 14:00:16,4
2020-02-08 14:10:15,2
2020-02-08 14:20:16,3
2020-02-08 14:30:15,2
2020-02-08 14:40:15,3
2020-02-08 14:50:15,2
2020-02-08 15:00:16,4
2020-02-08 15:10:15,3
2020-02-08 15:20:15,3
2020-02-08 15:30:16,2
2020-02-08 15:40:16,1
2020-02-08 15:50:15,1
2020-02-08 16:00:15,1
2020-02-08 16:10:15,1
2020-02-08 16:20:15,1
2020-02-08 16:30:16,1
2020-02-08 16:40:17,0
2020-02-08 16:50:19,0
2020-02-08 17:00:19,0
2020-02-08 17:10:16,2
2020-02-08 17:20:16,1
2020-02-08 17:30:18,1
2020-02-08 17:40:16,1
2020-02-08 17:50:16,0
2020-02-08 18:00:15,0
2020-02-08 18:10:16,1
2020-02-08 18:20:15,0
2020-02-08 18:30:16,1
2020-02-08 18:40:11,1
2020-02-08 18:50:16,1
2020-02-08 19:00:16,1
2020-02-08 19:10:15,1
2020-02-08 19:20:16,1
2020-02-08 19:30:17,1
2020-02-08 19:40:16,2
2020-02-08 19:50:16,1
2020-02-08 20:10:16,1
2020-02-08 20:20:15,1
2020-02-08 20:30:16,1
2020-02-08 20:40:16,1
2020-02-08 20:50:16,1
2020-02-08 21:00:16,1
2020-02-08 21:10:15,1
2020-02-08 21:20:16,2
2020-02-08 21:30:16,2
2020-02-08 21:40:16,2
2020-02-08 21:50:15,1
2020-02-08 22:00:16,0
2020-02-08 22:10:15,0
2020-02-08 22:20:15,1
2020-02-08 22:30:16,1
2020-02-08 22:40:16,1
2020-02-08 22:50:16,1
2020-02-08 23:00:17,1
2020-02-08 23:10:16,0
2020-02-08 23:20:17,1
2020-02-08 23:30:16,0
2020-02-08 23:40:16,1
2020-02-08 23:50:16,1
2020-02-09 00:00:16,1
2020-02-09 00:20:16,1
2020-02-09 00:30:16,2
2020-02-09 00:40:16,1
2020-02-09 00:50:16,1
2020-02-09 01:00:17,1
2020-02-09 01:10:16,0
2020-02-09 01:20:16,0
2020-02-09 01:30:16,1
2020-02-09 01:40:16,1
2020-02-09 01:50:16,1
2020-02-09 02:00:16,0
2020-02-09 02:10:16,1
2020-02-09 02:20:16,1
2020-02-09 02:30:16,1
2020-02-09 02:40:16,1
2020-02-09 02:50:15,1
2020-02-09 03:00:17,1
2020-02-09 03:10:16,1
2020-02-09 03:20:15,1
2020-02-09 03:30:15,1
2020-02-09 03:40:15,2
2020-02-09 03:50:15,1
2020-02-09 04:00:15,1
2020-02-09 04:10:16,2
2020-02-09 04:20:16,2
2020-02-09 04:30:16,1
2020-02-09 04:40:15,1
2020-02-09 04:50:15,1
2020-02-09 05:10:16,0
2020-02-09 05:20:15,1
2020-02-09 05:50:16,2
2020-02-09 06:00:17,1
2020-02-09 06:10:17,1
2020-02-09 06:20:16,2
2020-02-09 06:30:16,2
2020-02-09 06:40:16,1
2020-02-09 06:50:16,0
2020-02-09 07:00:16,1
2020-02-09 07:10:16,1
2020-02-09 07:20:15,1
2020-02-09 07:30:15,0
2020-02-09 07:40:16,1
2020-02-09 07:50:16,1
2020-02-09 08:00:16,1
2020-02-09 08:10:15,1
2020-02-09 08:20:15,1
2020-02-09 08:30:15,1
2020-02-09 08:40:15,1
2020-02-09 08:50:15,1
2020-02-09 09:00:16,0
2020-02-09 09:10:16,1
2020-02-09 09:20:15,1
2020-02-09 09:30:15,0
2020-02-09 09:40:15,1
2020-02-09 09:50:16,1
2020-02-09 10:00:16,1
2020-02-09 10:10:15,0
2020-02-09 10:20:15,0
2020-02-09 10:30:15,1
2020-02-09 10:40:16,2
2020-02-09 10:50:15,2
2020-02-09 11:00:15,2
2020-02-09 11:10:17,1
2020-02-09 11:20:16,1
2020-02-09 11:30:16,2
2020-02-09 11:40:16,2
2020-02-09 11:50:16,2
2020-02-09 12:00:16,2
2020-02-09 12:10:16,1
2020-02-09 12:20:15,1
2020-02-09 12:30:16,2
2020-02-09 12:40:15,2
2020-02-09 12:50:16,1
2020-02-09 13:00:16,2
2020-02-09 13:10:15,2
2020-02-09 13:20:15,2
2020-02-09 13:30:16,2
2020-02-09 13:40:15,1
2020-02-09 13:50:16,2
2020-02-09 14:00:16,2
2020-02-09 14:10:15,4
2020-02-09 14:20:16,3
2020-02-09 14:30:16,4
2020-02-09 14:40:15,4
2020-02-09 14:50:16,3
2020-02-09 15:00:17,2
2020-02-09 15:10:15,2
2020-02-09 15:20:16,2
2020-02-09 15:30:16,2
2020-02-09 15:40:15,4
2020-02-09 15:50:16,7
2020-02-09 16:00:16,5
2020-02-09 16:10:16,4
2020-02-09 16:20:15,6
2020-02-09 16:30:16,4
2020-02-09 16:40:15,3
2020-02-09 16:50:15,6
2020-02-09 17:00:16,5
2020-02-09 17:10:15,4
2020-02-09 17:20:15,6
2020-02-09 17:40:15,5
2020-02-09 17:50:16,6
2020-02-09 18:00:16,5
2020-02-09 18:10:15,4
2020-02-09 18:20:15,6
2020-02-09 18:30:16,5
2020-02-09 18:40:15,4
2020-02-09 18:50:15,3
2020-02-09 19:00:16,6
2020-02-09 19:10:15,4
2020-02-09 19:20:16,3
2020-02-09 19:30:15,6
2020-02-09 19:40:16,5
2020-02-09 19:50:15,3
2020-02-09 20:00:15,5
2020-02-09 20:10:15,4
2020-02-09 20:20:15,3
2020-02-09 20:30:16,5
2020-02-09 20:40:15,4
2020-02-09 20:50:15,3
2020-02-09 21:00:15,2
2020-02-09 21:10:15,4
2020-02-09 21:20:15,3
2020-02-09 21:30:15,2
2020-02-09 21:40:15,5
2020-02-09 21:50:16,4
2020-02-09 22:00:17,2
2020-02-09 22:10:16,5
2020-02-09 22:20:16,4
2020-02-09 22:30:16,2
2020-02-09 22:40:15,5
2020-02-09 22:50:15,4
2020-02-09 23:00:16,3
2020-02-09 23:10:16,1
2020-02-09 23:20:15,4
2020-02-09 23:30:17,3
2020-02-09 23:40:15,2
2020-02-09 23:50:14,6
2020-02-10 00:00:17,4
2020-02-10 00:10:16,3
2020-02-10 00:20:16,6
2020-02-10 00:30:16,4
2020-02-10 00:40:15,3
2020-02-10 00:50:15,6
2020-02-10 01:00:16,5
2020-02-10 01:10:16,4
2020-02-10 01:20:15,6
2020-02-10 01:30:16,5
2020-02-10 01:40:15,4
2020-02-10 01:50:15,3
2020-02-10 02:00:16,5
2020-02-10 02:10:15,5
2020-02-10 02:20:15,4
2020-02-10 02:30:15,6
2020-02-10 02:40:15,4
2020-02-10 02:50:16,3
2020-02-10 03:00:16,6
2020-02-10 03:10:15,5
2020-02-10 03:20:16,3
2020-02-10 03:30:16,6
2020-02-10 03:40:15,5
2020-02-10 03:50:15,4
2020-02-10 04:00:20,6
2020-02-10 04:20:17,4
2020-02-10 04:30:17,2
2020-02-10 04:40:16,3
2020-02-10 04:50:17,2
2020-02-10 05:10:16,5
2020-02-10 05:20:16,3
2020-02-10 05:30:16,7
2020-02-10 05:40:16,7
2020-02-10 05:50:15,5
2020-02-10 06:00:17,4
2020-02-10 06:10:15,7
2020-02-10 06:20:16,5
2020-02-10 06:30:15,4
2020-02-10 06:40:16,3
2020-02-10 06:50:16,6
2020-02-10 07:00:17,5
2020-02-10 07:10:17,4
2020-02-10 07:20:16,5
2020-02-10 07:30:16,7
2020-02-10 07:50:16,4
2020-02-10 08:10:16,8
2020-02-10 08:20:16,8
2020-02-10 08:30:16,6
2020-02-10 08:40:16,9
2020-02-10 08:50:15,7
2020-02-10 09:00:16,6
2020-02-10 09:10:16,5
2020-02-10 09:20:15,7
2020-02-10 09:30:16,6
2020-02-10 09:40:16,5
2020-02-10 09:50:16,5
2020-02-10 10:00:16,7
2020-02-10 10:10:15,6
2020-02-10 10:20:16,4
2020-02-10 10:30:16,3
2020-02-10 10:40:17,7
2020-02-10 10:50:15,6
2020-02-10 11:00:17,5
2020-02-10 11:10:16,4
2020-02-10 11:20:16,6
2020-02-10 11:30:16,5
2020-02-10 11:40:16,5
2020-02-10 11:50:16,4
2020-02-10 12:00:17,7
2020-02-10 12:10:16,6
2020-02-10 12:20:16,5
2020-02-10 12:30:16,6
2020-02-10 12:40:15,6
2020-02-10 12:50:15,5
2020-02-10 13:00:16,5
2020-02-10 13:10:17,7
2020-02-10 13:20:16,6
2020-02-10 13:30:16,5
2020-02-10 13:40:15,9
2020-02-10 13:50:15,7
2020-02-10 14:00:16,6
2020-02-10 14:10:15,5
2020-02-10 14:20:16,8
2020-02-10 14:30:16,6
2020-02-10 14:40:16,4
2020-02-10 14:50:16,3
2020-02-10 15:00:15,6
2020-02-10 15:10:16,6
2020-02-10 15:20:16,5
2020-02-10 15:30:15,9
2020-02-10 15:40:15,6
2020-02-10 15:50:16,5
2020-02-10 16:00:17,3
2020-02-10 16:10:15,10
2020-02-10 16:20:15,6
2020-02-10 16:30:16,8
2020-02-10 16:40:15,6
2020-02-10 16:50:15,5
2020-02-10 17:00:15,6
2020-02-10 17:10:15,7
2020-02-10 17:20:16,5
2020-02-10 17:30:15,6
2020-02-10 17:40:15,5
2020-02-10 17:50:15,4
2020-02-10 18:00:16,2
2020-02-10 18:10:16,6
2020-02-10 18:20:16,7
2020-02-10 18:30:16,5
2020-02-10 18:40:16,9
2020-02-10 18:50:16,7
2020-02-10 19:00:16,6
2020-02-10 19:10:15,9
2020-02-10 19:20:15,12
2020-02-10 19:30:16,6
2020-02-10 19:40:16,4
2020-02-10 19:50:15,3
2020-02-10 20:00:16,6
2020-02-10 20:10:16,5
2020-02-10 20:20:15,4
2020-02-10 20:30:15,8
2020-02-10 20:40:15,8
2020-02-10 20:50:15,6
2020-02-10 21:00:16,4
2020-02-10 21:10:16,7
2020-02-10 21:20:15,5
2020-02-10 21:30:16,4
2020-02-10 21:40:16,3
2020-02-10 21:50:16,6
2020-02-10 22:10:16,4
2020-02-10 22:20:15,3
2020-02-10 22:30:16,6
2020-02-10 22:40:15,5
2020-02-10 22:50:15,5
2020-02-10 23:00:17,7
2020-02-10 23:10:16,6
2020-02-10 23:20:17,11
2020-02-10 23:30:16,10
2020-02-10 23:40:16,11
2020-02-10 23:50:15,10
2020-02-11 00:00:16,10
2020-02-11 00:10:15,8
2020-02-11 00:20:15,8
2020-02-11 00:30:15,8
2020-02-11 00:40:16,9
2020-02-11 00:50:15,8
2020-02-11 01:00:16,6
2020-02-11 01:10:15,10
2020-02-11 01:20:15,9
2020-02-11 01:30:17,11
2020-02-11 01:40:15,7
2020-02-11 01:50:15,6
2020-02-11 02:00:16,5
2020-02-11 02:10:16,4
2020-02-11 02:20:15,7
2020-02-11 02:30:16,6
2020-02-11 02:40:15,5
2020-02-11 02:50:15,6
2020-02-11 03:00:16,7
2020-02-11 03:10:16,6
2020-02-11 03:20:16,4
2020-02-11 03:30:15,7
2020-02-11 03:40:17,6
2020-02-11 03:50:16,5
2020-02-11 04:00:16,4
2020-02-11 04:10:15,7
2020-02-11 04:20:14,6
2020-02-11 04:30:16,5
2020-02-11 04:40:15,12
2020-02-11 04:50:16,11
2020-02-11 05:10:15,10
2020-02-11 05:20:15,10
2020-02-11 05:30:17,5
2020-02-11 05:40:15,4
2020-02-11 05:50:15,3
2020-02-11 06:00:16,6
2020-02-11 06:10:16,6
2020-02-11 06:20:15,4
2020-02-11 06:30:16,3
2020-02-11 06:40:16,11
